{
  "version": 1,
  "author": "Cheryl Fernandes",
  "editor": "wokwi",
  "parts": [
    { "type": "wokwi-esp32-devkit-v1", "id": "esp", "top": 0, "left": 0, "attrs": {} },
    { "type": "wokwi-servo", "id": "servo1", "top": -104.7, "left": -166.72, "attrs": {} }
  ],
  "connections": [
    [ "esp:TX0", "$serialMonitor:RX", "", [] ],
    [ "esp:RX0", "$serialMonitor:TX", "", [] ],
    [ "servo1:GND", "esp:GND.1", "black", [ "h-68.45", "v-58.27", "h421.33", "v248" ] ],
    [ "servo1:V+", "esp:VIN", "green", [ "h-73.78", "v251.57", "h214", "v-44.67" ] ],
    [ "servo1:PWM", "esp:D13", "green", [ "h-55.11", "v180.07" ] ]
  ]
}